,vocal sdr,bass sdr,drums sdr,other sdr,Overall sdr,vocal isr,bass isr,drums isr,other isr,Overall isr,vocal sir,bass sir,drums sir,other sir,Overall sir,vocal sar,bass sar,drums sar,other sar,Overall sar,Pred vocal sdr,Pred bass sdr,Pred drums sdr,Pred other sdr,Pred Overall sdr,Pred vocal isr,Pred bass isr,Pred drums isr,Pred other isr,Pred Overall isr,Pred vocal sir,Pred bass sir,Pred drums sir,Pred other sir,Pred Overall sir,Pred vocal sar,Pred bass sar,Pred drums sar,Pred other sar,Pred Overall sar
0,2.33387043978605,2.00032146240255,13.1992554592595,10.0429436304406,6.89409774797216,10.4062959489947,8.30396738961785,15.0555931564014,14.0901333516443,11.9639974616646,inf,inf,inf,inf,inf,4.20187457237035,2.93026232374148,16.3116211131159,11.2517607700763,8.67387969482599,5.30842094862736,5.24415069356835,19.3003559565377,20.070901791028,12.4809573474404,17.512912465704,10.7173656359227,24.3533152946798,34.0570081096671,21.6601503764934,inf,inf,inf,inf,inf,5.22381919905342,9.64984562846453,20.5848992398699,20.149271777064,13.9019589611129
1,9.96753358787368,10.1332217565318,13.1176531452833,14.3722427522023,11.8976628104728,11.6295444416878,14.6114678601173,25.298593147421,32.956347337323,21.1239881966373,inf,inf,inf,inf,inf,12.4499644379201,10.347189618026,12.9400463941662,14.3407424220972,12.5194857180524,17.7224822459656,20.0875153423913,11.6853004810544,6.68843666669131,14.0459336840257,26.3542934351956,30.6005557177103,20.1057661730056,12.6075017490332,22.4170292687362,inf,inf,inf,inf,inf,17.9951598619959,20.5015214338467,13.1433693401851,9.66501098853129,15.3262654061397
2,9.51505553100709,10.5941665857597,9.6020371708829,11.6245958477522,10.3339637838505,11.3031818242127,11.3702325452014,13.2092568780084,13.8189998531786,12.4254177751503,inf,inf,inf,inf,inf,12.2566202755799,16.2009528694574,10.0126846142794,13.9919880468346,13.1155614515378,17.7229168850958,11.0917940369382,17.0097813356263,18.11467795048,15.9847925520351,24.0278313349198,22.5062133485429,19.5340344412783,28.3238032582767,23.5979705957544,inf,inf,inf,inf,inf,18.4276524671951,10.7550593995734,19.7167734891238,18.140053963979,16.7598848299678
3,7.42481639007494,15.4614219816545,13.4041765263236,15.1966915514903,12.8717766123858,13.9679144171446,18.3929529739287,15.9356721598442,16.987142936393,16.3209206218276,inf,inf,inf,inf,inf,7.38647882496851,17.582763954566,19.1319694069582,18.8505954150412,15.7379519003835,11.8008554163577,13.4505704442346,7.75851640516163,17.2062969505151,12.5540598040672,28.7475413997546,19.1776926195096,26.894434667112,20.6165508941464,23.8590548951306,inf,inf,inf,inf,inf,12.1464928196673,15.7745264078109,7.5126309452072,17.8687189781463,13.3255922877079
4,-0.182916822463231,14.4426075421467,10.1733376469586,11.1408239345339,8.89346307529399,11.2381164606111,21.1754502213871,11.0954620714557,11.4214495895601,13.7326195857535,inf,inf,inf,inf,inf,-0.845039436488161,14.7961322077981,14.7839782993741,20.6799946403069,12.3537664277477,4.15877220940621,14.6094871150522,13.0842657779063,10.5807966780197,10.6083304450961,21.8798541903723,16.757412654299,15.2976941775015,19.1814672009411,18.2791070557785,inf,inf,inf,inf,inf,3.50751905894205,19.9467445822078,15.6894911797473,10.1930363257186,12.3341977866539
5,-1.18011598727479,14.7796888291221,5.93660312198533,5.61807185174927,6.28856195389549,22.8850045362449,18.4587032874877,11.140405643321,18.6540703178888,17.7845459462356,inf,inf,inf,inf,inf,-1.23097249514,17.7577542713023,5.32392873218283,4.91059349193892,6.69032600007102,2.15661869110601,18.7667828786538,12.874509831774,8.77208175787073,10.6424982898511,13.0390738616204,24.2434447025907,14.7620326861388,25.008026488052,19.2631444346005,inf,inf,inf,inf,inf,9.85446882073376,20.7828118973089,17.4600634042336,9.28992726846655,14.3468178476857
6,9.58308739672541,12.1217673107745,10.3888744130161,6.99784806099149,9.77289429537686,13.3421413470213,14.0758271913541,12.4816027215455,11.3156971499504,12.8038171024678,inf,inf,inf,inf,inf,10.0657672077468,14.7434106880841,12.3556818025806,6.24357296929798,10.8521081669274,16.4637427470267,16.7075363910012,16.4441671104742,13.6854318408154,15.8252195223294,27.1692762652782,26.0159265955363,17.7380261886153,18.0611184680414,22.2460868793678,inf,inf,inf,inf,inf,16.4905782299888,16.8143149823681,20.8678770256159,14.5173792494658,17.1725373718597
7,17.5690754384481,9.13862653463648,4.18969499467929,11.554995279935,10.6130980619247,29.8608033602559,9.79670760377017,22.4850448545631,14.6868449455611,19.2073501910376,inf,inf,inf,inf,inf,17.6060045113943,15.110914429609,3.65529345691412,13.1748964776883,12.3867772189015,9.78663533265446,12.2339971584565,14.6440143265546,17.1466106834134,13.4528143752697,13.7776534069693,15.1461034510038,24.0777021144282,31.2702633864562,21.0679305897144,inf,inf,inf,inf,inf,14.0997517537423,14.106747286574,15.8311161937062,17.5608375045097,15.399613184633
8,-32.8144395242286,10.7968311402274,20.3920635915586,3.69584422594275,0.517574858375055,8.88924100397199,18.7747398444919,26.2567171294532,10.7388043375921,16.1648755788773,inf,inf,inf,inf,inf,-35.4322554841968,10.5566758608539,21.2824695359158,1.71593998291227,-0.469292526128704,-44.8371059325585,16.5878812162247,18.671426727479,9.55183935553819,-0.00648965832916648,1.38811696883855,18.467715840507,20.9375731771137,17.3531179731217,14.5366309898953,inf,inf,inf,inf,inf,-43.0728522329879,22.0619855797266,22.8264373734322,8.99637481496551,2.70298638378412
9,18.2019746536341,4.89991244866868,12.3186135829379,15.732467896495,12.7882421454339,21.8551234564566,28.1495347991145,24.1889968613954,19.1679257409227,23.3403952144723,inf,inf,inf,inf,inf,20.1244999128584,4.76823179041585,12.0738128386153,17.3806486464396,13.5867982970823,12.3801587597325,3.28204241849659,13.9165783871184,10.9057199771398,10.1211248856218,13.5847584593405,12.5459397386947,20.8839479137304,19.501779190939,16.6291063256762,inf,inf,inf,inf,inf,20.6158405178326,5.41558801531124,15.5778173604635,12.3984245528133,13.5019176116052
10,4.97384381724639,6.64336712045024,12.3194733680522,6.47256295539529,7.60231181528603,14.885632924308,10.3819485227945,17.72478839024,9.46556257856159,13.114483103976,inf,inf,inf,inf,inf,8.62936353098079,6.24734966272807,12.7748253458485,6.61059637872385,8.56553372957031,5.8654221542098,12.8310961433073,22.4986034139995,5.29227368116607,11.6218488481707,28.5734888829665,15.9855050505667,39.9681623782527,14.3069042593954,24.7085151427954,inf,inf,inf,inf,inf,6.20052033847902,14.206920091629,22.6199912332783,4.26225812719135,11.8224224476444
11,10.0512758520179,20.1538375632153,8.77959054052044,6.45429854110018,11.3597506242134,13.1561055284166,25.9898104517284,9.38690117009434,21.7312193812857,17.5660091328812,inf,inf,inf,inf,inf,14.7720113599978,21.1310943738606,16.6356309667134,6.10706861554632,14.6614513290295,16.9462311392206,7.71130682751812,12.0704164371945,7.62564849553925,11.0884007248681,27.3142234967201,14.9030979234296,12.4611168430311,15.5213663216015,17.5499511461956,inf,inf,inf,inf,inf,17.3371151236363,10.2583554224881,20.4503173044875,10.0716384926352,14.5293565858118
12,7.70515901541805,10.053705753344,11.8100858427636,10.4388836667572,10.0019585695707,25.3483592351551,15.127477620188,15.8352004239773,14.3573899018326,17.6671067952883,inf,inf,inf,inf,inf,7.56372484987297,10.5981919300663,13.6867473169895,11.2958431076705,10.7861268011498,9.9938082540867,14.8342265048901,17.7841853226768,13.0180315387705,13.907562905106,12.3866494230383,27.4957281469578,25.5179559590239,29.06582936598,23.61654072375,inf,inf,inf,inf,inf,21.7262778345194,15.4739003353999,18.5101564417321,13.0134804656721,17.1809537693309
13,10.4842082032608,9.81851843848545,4.26132919310282,12.7173688167035,9.32035616288813,18.7766193682974,12.7936994883023,13.9541130706426,14.6478306210217,15.043065637066,inf,inf,inf,inf,inf,7.50147020446825,13.7594290344436,5.09080617408033,17.3542934265802,10.9264997098931,3.663361775101,11.8475599802861,10.7511634296527,13.8626904314423,10.0311939041205,-6.48866367861359,20.9470531666556,21.4602764529459,28.3728309540269,16.0728742237537,inf,inf,inf,inf,inf,1.05603890699767,12.0795657226713,11.4732344885929,13.9900810270735,9.64973003633387
14,13.8261101610351,9.84785863734319,10.1128308583132,17.2580114854159,12.7612027855268,29.9934868002314,13.5503981186393,14.500461104333,21.4284766318543,19.8682056637645,inf,inf,inf,inf,inf,13.6792929885375,10.2236536804626,10.4466830226079,18.9169075962368,13.3166343219612,9.93043796560926,15.1552354485771,17.7486177647275,12.2892969623562,13.7808970353175,11.8813966974269,24.9316190996005,27.277867530082,16.6721742532194,20.1907643950822,inf,inf,inf,inf,inf,16.6056187917716,15.0074874694217,17.9066815730109,15.6907236939105,16.3026278820287
15,-15.6413262148151,7.12662007366005,10.1283603760677,8.27357165082278,2.47180647143387,16.0496216519108,8.71990393905378,10.9604652532492,9.65902639707369,11.3472543103219,inf,inf,inf,inf,inf,-16.1421128996615,8.45529115346606,15.2473154484326,10.5841013924031,4.53614877366006,-11.8415768359193,11.4189415841797,14.1140973197182,13.2232320688417,6.72867353420507,20.5854838261164,12.6925695572694,14.521450097871,15.7950281218273,15.898632900771,inf,inf,inf,inf,inf,-10.9031225259122,15.1636749032956,22.6427135529141,15.2317066071609,10.5337431343646
16,10.406465693979,10.7783393799778,7.06583562740759,10.7425100152111,9.7482876791439,14.3998536772144,14.7907255607005,9.0990975704595,11.0581298671517,12.3369516688815,inf,inf,inf,inf,inf,10.9487326827661,11.5619675491632,7.67449738326628,20.4978006757062,12.6707495727254,11.0383966060805,18.5723238283364,10.0061733417081,17.9967973385517,14.4034227786692,27.2380949858594,29.5623769575514,10.5336151230638,19.533098883738,21.7167964875532,inf,inf,inf,inf,inf,11.4631885501152,19.0620845531212,17.0022281589955,22.5790699434168,17.5266428014122
17,-2.15147216418995,6.94249956683565,2.32540347417264,13.4559395924538,5.14309261731804,20.4871168451005,9.59745781179698,8.8565807591527,24.4247444188622,15.8414749587281,inf,inf,inf,inf,inf,-2.49094668324347,7.23576415963562,2.93344386145979,13.6763781452135,5.33865987076636,2.59743805924401,11.9880679179614,5.83263626360687,13.1970979313556,8.40381004304196,14.9248731202609,13.1329141843578,10.6838067671252,16.6591552131492,13.8501873212233,inf,inf,inf,inf,inf,8.53052495810164,16.8962779750372,8.44437250313528,18.3045599359871,13.0439338430653
18,2.98800690529609,1.48940952417491,11.3456751874929,9.99112912672593,6.45355518592245,12.6489110810782,9.08994200312127,17.5723957638802,10.6933145058552,12.5011408384837,inf,inf,inf,inf,inf,2.04591118495571,-1.12848073607236,11.4773237963663,16.4832544872106,7.21950218311507,16.4556397802934,8.25280639903442,22.2395185681913,11.946862105961,14.72370671337,26.2162139977296,11.7425376268307,32.1694568346241,15.1553369101001,21.3208863423211,inf,inf,inf,inf,inf,16.9517328504596,8.70329044685665,22.582144950525,13.2886336667427,15.381450478646
19,14.9770829677869,6.86621967617942,8.88487638446381,3.85578585151356,8.64599121998593,18.3834379487846,15.3322385709217,9.37867740464963,18.2072042291172,15.3253895383683,inf,inf,inf,inf,inf,16.8821425925484,6.02443990711797,15.3841934765996,3.00057854862102,10.3228386312217,15.4182039177391,12.6704187543372,10.8591419749933,9.27498388759863,12.0556871336671,17.7954979369962,29.3379317423492,11.3603980711916,24.3626394574879,20.7141168020062,inf,inf,inf,inf,inf,20.2856555477964,12.6454470242211,17.8829711761587,9.78868196656628,15.1506889286856
20,8.12721485438243,6.91956114570363,11.1911702384713,5.65259504475039,7.97263532082694,8.62335266865982,8.90672484070531,12.2763479744843,7.9135283871299,9.42998846774483,inf,inf,inf,inf,inf,15.3385590311993,8.46343238279785,15.880642841432,5.77208754932562,11.3636804511887,12.684585139064,11.2417010335105,16.3001382132212,5.86236747247954,11.5221979645688,13.4226015258653,14.3950268304201,17.4000140561567,10.0704638076073,13.8220265550124,inf,inf,inf,inf,inf,19.4155800107169,13.0146444491356,20.8296916710571,5.01372669110898,14.5684107055047
21,16.7986903167028,7.51959298428295,12.0476617090298,15.2902487335054,12.9140484358802,19.6005627198416,27.2199944319428,21.8846392828757,24.7234259600571,23.3571555986793,inf,inf,inf,inf,inf,19.7949625940395,7.3525611710884,11.8730545826047,15.2875453870501,13.5770309336957,13.5348097036174,11.4654037176361,14.1300885541384,9.16681362732674,12.0742789006797,16.7021182743853,15.5018619268152,21.5037327781305,14.5343424396758,17.0605138547517,inf,inf,inf,inf,inf,18.4970722339848,15.05308913237,15.6658530371508,12.3888312866677,15.4012114225433
22,13.6480745339617,11.0242426374235,8.07429225956972,8.70466287584208,10.3628180766993,16.4276634453842,30.9395128274575,10.7533660716145,10.4864539577016,17.1517490755394,inf,inf,inf,inf,inf,15.5925312969962,10.9491763783917,8.84818010761235,10.7287199652018,11.5296519370505,15.8252743015449,10.6106278097095,11.8671609257706,14.4067309306821,13.1774484919268,20.9930659648342,11.6745339217921,13.6591694289031,16.0548743173727,15.5954109082255,inf,inf,inf,inf,inf,18.2242645234964,19.4990329038391,14.9373692003341,16.6036761529024,17.316085695143
23,-38.465842904598,0,23.6921956649116,15.2267807464078,0.113283376680345,12.212166546189,0,39.9184694040795,15.9229007252318,17.0133841688751,inf,0,inf,inf,inf,-40.8056790010695,0,23.7632354587303,23.5280745214684,1.62140774478231,-22.7727897787711,0,14.9649200535502,9.80709121411843,0.499805372224373,23.39934260558,0,16.1058378945547,28.9823077508485,17.1218720627458,inf,0,inf,inf,inf,-23.0395762065995,0,23.7389927686235,10.0146087805374,2.67850633564035
24,-1.1529735883267,11.915114423009,3.52547301376746,10.6958471801579,6.24586525715191,9.11808652803967,13.7398084036566,8.23073566161305,11.7214420434846,10.7025181591985,inf,inf,inf,inf,inf,-0.660659664656721,14.5106175955713,1.08822641505742,14.8603880909644,7.44964310923409,5.25417472303562,15.447038010229,10.0283161770727,18.0423859564272,12.1929787166911,16.3561686295428,30.6983258823554,10.5457038715608,19.551382636806,19.2878952550662,inf,inf,inf,inf,inf,6.6418532688698,15.3628156843496,16.5241920714515,22.2991612963151,15.2070055802465
25,-17.2987623646799,3.00170309077299,8.78815167521364,1.07872343758871,-1.10754604027614,5.5731554804938,9.08588655759614,14.1048898265692,12.7036216800359,10.3668883861738,inf,inf,inf,inf,inf,-16.9207195507366,0.537260880642741,8.6236583560385,-0.858753961554477,-2.15463856890245,-11.5496138655641,6.76968333931448,13.0238983446056,7.77670788163687,4.00516892499821,14.496530004229,8.86648136860137,14.6639821080507,14.9555015049181,13.2456237464498,inf,inf,inf,inf,inf,-11.1602343380374,7.08470946809436,16.6682377786501,7.02359792320492,4.904077707978
26,9.01065408148307,-0.6147812690547,1.03233661586534,4.97856281300675,3.60169306032511,23.2394108828584,13.052145318189,15.6153019557518,14.0157313202568,16.480647369264,inf,inf,inf,inf,inf,8.68643482982128,-2.16807033704448,-0.261791800254117,3.76557151347082,2.50553605149838,10.1149665019907,12.0765945818011,10.5345362480126,13.6918801213224,11.6044943632817,14.1343500368729,17.0826785523573,16.1094922587537,17.0499745946901,16.0941238606685,inf,inf,inf,inf,inf,13.865666627744,12.7242390126359,10.8179979178182,15.2796918693012,13.1718988568748
27,-61.1804476575878,0.748889666599911,9.94350675391261,-4.92014170678451,-13.852048235965,-17.4882253399715,18.4672225501682,10.5034725690015,8.89798288020421,5.09511316485061,inf,inf,inf,inf,inf,-42.9852617928584,0.267214044385089,16.2101369437788,-7.47456562002386,-8.49561910617958,-48.5279899427632,5.11189868815546,10.7571970363267,1.49493369365213,-7.79099013115721,-19.6469917074503,25.3162041491864,10.8600620760723,11.8385358374349,7.09195258881085,inf,inf,inf,inf,inf,-27.2679255987502,5.43494036697357,23.8204515474268,-0.2807095703653,0.426689186321232
28,-25.3277011831733,-4.79248427302163,7.96760307530097,-17.9601334404646,-10.0281789553396,6.24797064247864,23.3797643260825,8.42302444676793,11.5199790835829,12.392684624728,inf,inf,inf,inf,inf,-25.9814466261445,-4.27046628477665,16.2258582924864,-18.7449545860395,-8.19275230111855,-20.5370514841902,5.6639605631574,8.21300281525493,-10.8913163107143,-4.38785110412305,11.7485159666991,20.0484561080985,8.24534429498032,22.1485638789497,15.5477200621819,inf,inf,inf,inf,inf,-20.9758194164563,7.48443517128437,25.4338059135877,-11.1112048360448,0.207804208092759
29,-5.77066344781686,6.51563305300667,6.62823248833457,-8.21923539692489,-0.211508325850127,9.78825230154969,16.0548295340902,9.18019283948028,8.90243093523873,10.9814264025897,inf,inf,inf,inf,inf,-7.88700256648538,5.70317808067359,6.99000436757629,-10.1899543962747,-1.34594362862755,4.11211536943122,9.88587610989436,8.37944311506594,0.878559782557465,5.81399859423725,12.8316739707165,21.0462657789413,8.7613943998803,11.9187742966977,13.6395271115589,inf,inf,inf,inf,inf,3.60036565701707,9.59509839856758,15.0549951452697,-0.944317482471258,6.82653542959578
30,3.84738945543124,8.18106047892451,1.91822347930953,5.18048068344311,4.7817885242771,12.2584360594557,32.1637213820784,11.7029981935065,12.0083869191334,17.0333856385435,inf,inf,inf,inf,inf,2.12641165249994,8.12886337361773,-0.159721928617979,3.70970689025824,3.45131499693948,11.1852114274779,16.7638815704212,7.99673253880089,11.2488556080234,11.7986702861809,18.8287925209586,20.0735714698371,12.3856591641638,15.9157233514192,16.8009366265947,inf,inf,inf,inf,inf,10.9931549513975,20.1369773540911,7.64364795365696,11.5608249468245,12.5836513014925
31,6.4113668684293,-1.96048421230173,4.41990852837587,-9.38066388123167,-0.127468174182058,11.5862235356094,10.5920489621053,22.4521983009662,6.90776986893527,12.884560166904,inf,inf,inf,inf,inf,5.49345485683303,-3.34238467235362,3.83899032500045,-13.0905606468201,-1.77512503433505,12.1410842005543,2.64302474108445,11.0652167807066,-2.82906454317109,5.75506529479358,15.2527978147874,12.4649659465689,32.755261834956,7.37626078790255,16.9623215960537,inf,inf,inf,inf,inf,13.6198254472065,2.88733330656051,10.9723798911605,-6.1582336575821,5.33032624683635
32,0.588332632118238,-0.0250079211683586,-1.55769969622488,4.94967938909352,0.988826100954631,16.7965049515986,8.75379293602114,17.2763234704101,8.19836463747569,12.7562464988764,inf,inf,inf,inf,inf,0.333151436221737,-3.1311936547073,-2.61927354244957,3.89481441776854,-0.380625335791648,5.20674396786306,5.74475319801835,4.65498964798555,8.14246839988122,5.93723880343705,8.88985214805349,8.69572862404309,22.5075414468103,8.52069176738439,12.1534534965728,inf,inf,inf,inf,inf,3.11867851680484,4.97545117651847,4.13134654598986,15.5156400512757,6.93527907264721
33,1.65924052954816,6.15371912017982,3.00185214624834,2.49397953785692,3.32719783345831,12.5710711160765,8.63983383197764,11.8636088327762,13.4752252122568,11.6374347482718,inf,inf,inf,inf,inf,0.187554833098809,5.77953968301362,1.08070964885284,0.857669849841277,1.97636850370164,8.94387618949917,8.32387420378981,7.25877932880654,8.38428238478339,8.22770302671973,21.62229728017,8.99596650135411,12.8525641724967,17.2617777856237,15.1831514349111,inf,inf,inf,inf,inf,8.59657938125817,13.0655563060949,6.42216916659842,7.74725088801645,8.95788893549198
34,6.34581016290495,0.0203264773289537,9.89729463571008,-7.81422528459611,2.11230149783697,12.4090492082123,19.2026405096211,16.4050274238862,9.76367685150652,14.4450984983065,inf,inf,inf,inf,inf,5.63648964358476,-0.0660239165663715,9.814195534016,-10.8837924987553,1.12521719056977,15.1548964414703,6.95099622308628,15.91319150439,-0.104025113350538,9.478764763899,18.6889725805238,16.353433586515,18.0789206491286,10.8283109952343,15.9874094528504,inf,inf,inf,inf,inf,16.7031072935005,8.58156561573605,19.0489461983112,-2.3420547395878,10.49789109199
35,-7.71734747625226,-48.8406023013882,-33.7162434977705,3.05746103082958,-21.8041830611453,7.52585431628012,-7.72404764884863,14.8445098390107,18.2052449495663,8.21289036400211,inf,inf,inf,inf,inf,-3.92849974462594,-39.3237041704717,-35.0415497532047,2.2646927900367,-19.0072652195664,-3.8985042716228,-38.72726417904,-24.2609301977738,8.24725265838448,-14.659861497513,0.985053938933864,0.375265975393027,18.3003208582002,29.9764187145465,12.4092648717684,inf,inf,inf,inf,inf,-5.43505466613005,-36.9695330870053,-25.1937721953756,8.40073043388488,-14.7994073786565
36,1.46096041837875,10.6390173480378,4.92467339763773,1.07776138792567,4.525603137995,5.66427230984362,20.5767600171771,21.6656747518476,9.00686455067881,14.2283929073868,inf,inf,inf,inf,inf,0.331066152419447,10.3583995221234,4.40578150074465,-1.41562921140872,3.41990449096969,7.89462512306936,20.3205525667032,12.174267433635,7.46223250351497,11.9629194067306,12.0536819495113,30.4455945540264,27.5289621876803,10.3372764346935,20.0913787814779,inf,inf,inf,inf,inf,7.38022487930378,20.8405185990769,12.1956070835511,7.51228404894093,11.9821586527182
37,-1.88061386881142,-1.15392011855892,2.45724138857931,4.04442761781754,0.866783754756626,8.53108096220768,20.8569639973742,8.4567766406015,13.9066286875734,12.9378625719392,inf,inf,inf,inf,inf,-4.48346179874902,-1.56873543726906,0.280011557968915,2.64426503703736,-0.781980160252949,3.63611178457583,5.24967000107457,5.42912357967795,9.75389588787926,6.0172003133019,9.33799046152141,26.0765873956932,7.03895092908079,23.5629380441218,16.5041167076043,inf,inf,inf,inf,inf,3.67849317495745,5.70568830708394,7.33753605733347,9.3053555963656,6.50676828393512
38,0.912280667129367,-11.8729078222398,-0.686557531284283,5.73320284755082,-1.47849545971098,10.8959274857129,9.41642290721672,14.3080526881996,8.9264782403402,10.8867203303673,inf,inf,inf,inf,inf,-0.711128339834914,-12.1843912875964,-2.26980656602841,5.19821404401526,-2.49177803736112,5.21895209054877,-5.14034768621966,6.36572549289546,9.50951877593344,3.9884621682895,17.6322608316461,15.194216462113,13.7489761306369,10.0404591455641,14.15397814249,inf,inf,inf,inf,inf,4.64395706613568,-4.50515304860084,5.48901216088177,16.049951914124,5.41944202313514
39,4.0651006133782,0.536361050491052,8.55246370470391,0.546529000530113,3.42511359227582,17.5341498491191,11.2791575498415,10.1579089400917,25.7490144398989,16.1800576947378,inf,inf,inf,inf,inf,3.12978849526243,-1.7640186905059,10.3916725351912,0.476578356754992,3.05850517417569,11.4068648020494,6.65755252122736,10.4288165949039,7.63745610250429,9.03267250517124,20.2407312194334,12.3778563840043,10.8911970020991,17.466120115898,15.2439761803587,inf,inf,inf,inf,inf,12.5282860672778,5.58341177644345,17.1571506851561,9.14882213830109,11.1044176667946
40,4.68375441731016,-4.04983574291627,-6.5137010676187,1.28924784511523,-1.14763363702739,9.01458915332878,25.0032821053729,20.7524236184206,20.5994904634517,18.8424463351435,inf,inf,inf,inf,inf,4.19287396506787,-4.33799263367365,-6.2117343982372,0.762434460891884,-1.39860465148778,10.6158771951746,7.10296537099951,0.646640530246971,7.42645085086835,6.44798348682235,11.9329754859375,19.9328719123267,17.9279901597536,21.9452834932401,17.9347802628145,inf,inf,inf,inf,inf,15.8696555588224,8.53961809138119,1.72071267613274,8.08328940377331,8.55331893252741
41,-5.71182275127534,5.04585985931779,7.62901265169946,1.99864187549258,2.24042290880862,8.68127970378716,9.04855669664285,13.4775021013365,10.8716791452854,10.519754411763,inf,inf,inf,inf,inf,-8.8937649359027,3.66303956370447,7.03575856948249,0.181745067755794,0.496694566260014,-1.8539356195368,7.04890337673277,12.6688879943128,6.5986454843953,6.11562530897601,11.4753043240286,8.55612064007409,14.0483442322054,15.0197071922249,12.2748690971333,inf,inf,inf,inf,inf,-3.61436479471004,8.68249618478479,16.8125895184117,5.67262369258175,6.88833615026705
42,3.35869945319004,6.85818079746126,0.695673906709706,3.77394505029861,3.6716248019149,11.7158577653098,23.5629575538306,17.9973066016588,8.3418171211172,15.4044847604791,inf,inf,inf,inf,inf,1.64972018258658,7.03710513494305,-0.189642740325556,1.53440830907873,2.5078977215707,8.08958477527219,13.2886026720226,7.99574345031739,6.97681402391185,9.08768623038101,18.4768932273237,18.0324811109675,19.1284958025734,8.20710430336071,15.9612436110563,inf,inf,inf,inf,inf,7.55787212581241,16.2535966090842,7.50218892294335,8.72348078669794,10.0092846111345
43,1.55764503308596,6.57840151910587,4.90721436700387,-0.465261270930062,3.14449991206641,10.0543276366289,12.0711862764064,7.98673891782387,11.1516216006811,10.3159686078851,inf,inf,inf,inf,inf,-0.369525081043139,5.7530673976631,3.89212793242245,-1.40183971185355,1.96845763429722,10.7897530743666,11.232241235976,7.27130046355008,5.02959874443919,8.58072337958298,15.6013746992165,15.0529788525768,7.77848773093221,16.0976204646016,13.6326154368318,inf,inf,inf,inf,inf,12.6834806668346,12.2015669110908,12.9346376296985,4.67967455461175,10.6248399405589
44,1.92396592483717,5.16273542800519,5.52753152175648,-0.467565706283865,3.03666679207874,10.0896728086274,14.6548655487507,9.03200831584722,15.2766396692981,12.2632965856309,inf,inf,inf,inf,inf,-0.021770630848646,4.07802701115747,4.88661989800418,-1.23337581231881,1.92737511649855,8.74666133725596,9.36899963469148,7.32700328098942,6.35172277470681,7.94859675691091,13.532052714457,22.6354747260473,8.15846773749197,20.4952364495218,16.2053079068795,inf,inf,inf,inf,inf,9.48569581056801,9.07327515747725,11.8569879073585,6.60429866496183,9.2550643850914
45,-6.02053155693725,-1.3790575531432,4.08023796169044,6.41343402948605,0.773520720274008,22.5017357234236,10.0990573062823,25.2084412542129,8.14257574794996,16.4879525079672,inf,inf,inf,inf,inf,-6.33216671848134,-4.11045142702842,3.66704681091844,7.08843511572994,0.0782159452846585,-1.66746702243948,5.38902836545141,9.30720195964662,8.11313255850909,5.28547396529191,14.8072050870622,10.3815052579273,31.0986736321138,8.44799784250103,16.1838454549011,inf,inf,inf,inf,inf,0.0625520757645422,4.26936596926387,9.21899772838426,15.7391423085088,7.32251452048036
46,3.56122698795206,2.29427478350065,6.40496248670069,0.474396939413104,3.18371529939162,16.0122306422774,8.19806085482194,12.3272994349059,9.79583427880917,11.5833563027036,inf,inf,inf,inf,inf,2.45931940025417,-0.435068257522545,5.70027121903512,-2.23403478828528,1.37262189337036,9.51841400980248,6.67700673167553,10.0472502198194,7.07464741832877,8.32932959490654,27.479872252698,9.04978556676644,12.5561864259051,10.9688152380931,15.0136648708657,inf,inf,inf,inf,inf,9.53095864106267,7.01661069000768,12.4087260450589,6.69305583682993,8.91233780323979
47,7.63883676633767,-7.60102175049193,-1.06000472778587,-3.90593107037197,-1.23203019557802,13.0790817260475,18.9907552208002,23.0869760018233,9.81306255260628,16.2424688753193,inf,inf,inf,inf,inf,9.48860119007679,-8.29386423512082,-1.51655631266833,-6.68667834075502,-1.75212442461685,11.9882009834857,4.25142937219521,7.69844248105747,0.987124878569224,6.23129942882689,23.5360687284553,20.415769534453,19.7919610529362,10.5952831955156,18.5847706278401,inf,inf,inf,inf,inf,12.4280494074311,3.30357519880486,7.43618568482182,-0.289689521320973,5.71953019243421
48,3.67952011262958,0.432698265638608,-2.38325670366097,6.60677146124257,2.08393328396245,17.6457797973958,23.0994392573315,14.4469882850872,9.1892100358127,16.0953543439068,inf,inf,inf,inf,inf,2.73500174007853,0.288600075778622,-3.88083616096482,6.55026183947303,1.42325687359134,8.6654603766935,9.94437920083766,5.56854479117627,9.73314970721785,8.47788351898132,24.3893592021118,25.3119648794972,14.7917334009184,10.7740482208954,18.8167764258557,inf,inf,inf,inf,inf,8.95992772832431,10.4307835699672,4.85732486224589,13.8119100123031,9.51498654321013
49,8.50031940739357,0.48018284974186,2.41635476849178,6.42989132517517,4.4566870877006,29.5458661439673,8.98710832575391,13.4480961123004,10.1996339216524,15.5451761259185,inf,inf,inf,inf,inf,8.29627491496524,-2.53046851732142,0.764714969502337,5.67033053102124,3.05021297454185,9.19699947104347,7.42938879951857,10.1200670715508,11.6371778000596,9.59590828554312,12.4717193708655,9.04699485630039,16.5609468090307,12.1263631186126,12.5515060387023,inf,inf,inf,inf,inf,14.0127356350376,9.05479914843184,9.9133543597862,18.9560282071202,12.984229337594
50,12.3295682739426,6.25328325250472,9.26470558737798,4.79155644489978,8.15977838968128,29.947396778378,8.63552817033304,14.480441391652,9.89669614858614,15.7400156222373,inf,inf,inf,inf,inf,12.1442966345926,6.27895796671703,9.05238019754631,3.30163621208252,7.6943177527346,12.2720709449654,10.0718385655205,14.8442799153301,12.0089841612803,12.2992933967741,13.3367590034307,11.0394635925959,20.2409911450151,13.8760337106459,14.6233118629219,inf,inf,inf,inf,inf,20.8854502514196,14.6553439981111,15.4563088084572,14.8550354553678,16.4630346283389
51,7.30977712661745,9.38694523953577,4.96737571951265,5.7560042982685,6.85502559598359,11.4025515214394,10.824496509903,9.16063006507974,11.0806934955883,10.6170928980026,inf,inf,inf,inf,inf,7.64640394346075,12.0164524013471,3.58154268629215,4.61872112446798,6.96578003889199,15.5711208317207,13.9830443642004,9.61529431129742,12.1506190360555,12.8300196358185,19.7925234850872,15.4569028793209,10.5313765634652,14.2266239749932,15.0018567257166,inf,inf,inf,inf,inf,17.2239363366962,17.747774340572,13.8936479846998,14.7544863749093,15.9049612592193
52,6.89460675226394,6.10922624647739,10.704535949054,6.29344573825727,7.50045367151316,8.84491165068414,10.2589916095268,13.1444095085259,11.0588838952647,10.8267991660004,inf,inf,inf,inf,inf,7.59973864523588,5.10717009548308,12.3192182718559,5.42875130630094,7.61371957971895,12.1104959742868,11.0011633455272,14.9169189755139,11.9738117848555,12.5005975200459,14.4701751505082,13.0375210846706,19.9223830261314,18.8504485055543,16.5701319417161,inf,inf,inf,inf,inf,14.1229670522584,13.0666670129031,15.7428350003118,11.9998510284586,13.733080023483
53,3.99778168947446,11.4155565635076,1.48519118383275,6.90842609116795,5.95173888199569,26.930349293691,22.3015572955224,12.7819385035263,8.15944785010789,17.5433232357119,inf,inf,inf,inf,inf,3.72327455287044,11.1695692438586,-0.0373660783575512,9.89828300400145,6.18844018059323,8.31661784688063,17.4373661904211,9.34960833822283,9.02146582560569,11.0312645502826,14.9465508855801,18.4065821343325,16.1219177100725,10.6797196233195,15.0386925883261,inf,inf,inf,inf,inf,12.687987102941,25.2189845719639,9.9652071399302,11.0849800380321,14.7392897132168
54,-4.57577226624094,7.05263791430307,10.3237433262239,13.0750181555752,6.46890678246533,18.1919166328001,9.01029801768436,16.979645558905,24.1503269043184,17.083046778427,inf,inf,inf,inf,inf,-5.37655873551757,7.79251782415459,10.1038925004043,12.9064244788485,6.35656901697244,3.88098759067443,11.9686399978834,18.3870266847227,12.714516351976,11.7377926563141,16.3523752020989,12.5467823905754,26.6699318555561,19.2766247057336,18.711428538491,inf,inf,inf,inf,inf,5.57535950521129,18.7145403553176,18.709864148856,14.6948332586114,14.4236493169991
55,7.35272678928222,12.8436918502499,9.28542887118685,4.6703932031498,8.53806017846718,10.6907313327117,22.9543543542575,30.0035065029282,24.0673462093889,21.9289845998216,inf,inf,inf,inf,inf,8.74789492603813,12.7620344978382,9.07652595048887,4.24181762882062,8.70706825079645,13.1869766157959,14.622286272227,11.9496549873104,13.460590222382,13.3048770244288,18.1025119504317,18.0663100717119,19.7877027919008,18.0235410500749,18.4950164660298,inf,inf,inf,inf,inf,14.4430197109026,18.8922742388995,13.7452058189779,16.4653576863662,15.8864643637866
56,6.60146990541629,7.34076207092792,14.2320167842189,5.49221633418472,8.41661627368697,13.9832861832399,15.7279981282039,19.8835294062582,8.66217320444996,14.564246730538,inf,inf,inf,inf,inf,6.82515570803624,6.54848983861054,14.8561828781831,4.57725824705979,8.20177166797241,9.29503463553987,12.5373104951231,18.1238776925263,8.54254749376044,12.1246925792374,28.0542827478159,34.055493317297,33.8406962004953,11.9665897446712,26.9792655025699,inf,inf,inf,inf,inf,9.22695648632437,12.5551311167039,18.3220144617587,8.79866808876492,12.225692538388
57,3.47056782804569,8.38411279053976,9.07593519038658,6.50350825625568,6.85853101630693,10.0482982905103,13.1175614816733,28.3680558100298,7.82229500553336,14.8390526469367,inf,inf,inf,inf,inf,1.67916140731125,8.27876939231683,8.83963715847645,8.51092260486577,6.82712264074258,7.29904725481133,18.0593300011152,10.9705221431321,9.52444818449737,11.463336895889,16.7243133765023,21.3917709194882,23.0155306617821,9.68656741571735,17.7045455933725,inf,inf,inf,inf,inf,6.68641432840531,20.2361867095735,11.9048521976436,21.3699287883981,15.0493455060051
58,7.19113457314349,7.21986410579013,11.6222429857935,3.79155702218859,7.45619967172893,15.3763467611291,24.0494249376961,20.1137127146309,8.95328173772904,17.1231915377963,inf,inf,inf,inf,inf,6.35131715254987,6.81866224617277,11.4333768265301,1.61565261871601,6.55475221099218,14.3349148840007,14.6885872065447,17.6902010265763,10.3101874612958,14.2559726446044,27.8833858738004,19.1863661909072,36.8450191953638,11.4913562475366,23.851531876902,inf,inf,inf,inf,inf,14.756300885607,17.5651459479656,17.7223227421974,13.8863947869014,15.9825410906678
59,8.19071157463861,0.659271481087187,4.91572341159911,8.28106455871482,5.51169275650993,13.9214251400402,16.5122633265621,9.59602111870146,10.6785819373897,12.6770728806734,inf,inf,inf,inf,inf,8.46348105882165,-0.23707400597284,3.37284598822721,9.62134529997877,5.3051495852637,19.5943898078305,6.66017642600296,8.54036489314695,13.7611774789335,12.1390271514785,37.1034362362118,20.2418413528018,10.5460063415536,14.7024252547647,20.648427296333,inf,inf,inf,inf,inf,19.6635963935405,7.05367973228249,10.0675200816877,19.2520943810696,14.0092226471451
60,5.13944761427629,3.99004696311179,10.2652393530642,5.02280784397367,6.10438544360649,8.13882044817246,26.5314272165172,36.8480813507054,8.55975031808508,20.01951983337,inf,inf,inf,inf,inf,5.08225826789326,3.71412929533689,10.2673111796356,3.67678299146493,5.68512043358266,10.0750304674813,10.6479647482681,15.4682668490844,11.1405046427653,11.8329416768998,12.1180921499985,14.8748899639183,20.076874380751,11.6846333057059,14.6886224500934,inf,inf,inf,inf,inf,13.1485028241636,14.5229389027971,18.1828793397752,17.9847446237477,15.9597664226209
61,10.282591393625,-0.735502143753396,13.9099710073463,5.1122720754825,7.14233308317511,16.4520994153301,7.59092635599049,18.2932694430809,8.93271366524439,12.8172522199115,inf,inf,inf,inf,inf,10.2764743829491,-4.21138948616779,14.9773367360372,3.91705545422315,6.23986927176041,15.7989710826461,6.0349616160709,20.588564943091,10.3188427910004,13.1853351082021,19.8214184598919,8.27465617843742,29.9357526025633,11.4657748567252,17.3744005244045,inf,inf,inf,inf,inf,18.9923409267426,6.75469156811319,20.8640574659238,14.4916383762253,15.2756820842512
62,-3.06955052216559,5.67654028325434,10.7145386182101,4.85570573968813,4.54430852974673,14.9810441290104,8.95685418815005,28.6348946254141,9.17191717602149,15.436177529649,inf,inf,inf,inf,inf,-4.08219822043752,5.20532862065605,10.6411582901055,3.22415407926147,3.74711069239637,4.06226137979876,9.43004930755862,18.2034002779486,11.2004520121271,10.7240407443583,19.3568085248528,9.91805192866273,29.6567172753248,11.5932852163188,17.6312157362898,inf,inf,inf,inf,inf,4.92158345620794,17.3846838993285,18.6672388074502,19.0218271220678,14.9988333212636
63,-5.86005651267395,4.19443941196152,9.83762116127947,5.70367512817726,3.46891979718608,25.1182866176123,19.1028335665951,10.762733749914,18.3281027346265,18.327989167187,inf,inf,inf,inf,inf,-6.21733238247349,3.373627453048,14.2172059819343,4.8657814021323,4.05982061366028,-2.05656187484948,9.67306691495057,12.0241254157587,12.5745941453095,8.05380615029231,13.2809070829252,20.5842840369709,12.3735682818372,20.9108988774453,16.7874145697947,inf,inf,inf,inf,inf,1.8694657059034,10.7345635731762,20.8133333661852,13.9913819332596,11.8521861446311
64,0.295696455188624,5.74506183091782,8.85892043759425,5.19565353412649,5.02383306445679,7.89308300817214,9.55603916982594,12.2603680726791,19.0873538240688,12.1992110186865,inf,inf,inf,inf,inf,-0.579220643311344,4.75944207159486,9.09525721323325,4.47616585535847,4.43791112421881,4.50738942449855,12.4212669171254,13.4178767775722,18.772347396323,12.2797201288798,11.8795333011995,14.713064493903,14.7622215791772,22.8292558424955,16.0460188041938,inf,inf,inf,inf,inf,5.29230318361236,15.3073378739959,17.2773234968349,21.4187837635994,14.8239370795107
65,-0.00524098939144969,13.5435921752241,8.52551772546115,7.62889616852416,7.4231912699545,14.4444046017881,18.3382771469265,11.6915935354359,9.61652823126157,13.522700878853,inf,inf,inf,inf,inf,-1.31357026321251,14.2918648243826,8.85466545902966,8.67207292133348,7.62625823538331,7.23446818637886,15.7004095268247,14.581750619199,10.0369795275609,11.8884019649909,27.3895292424993,23.641399709198,15.8566005499716,12.2131753794892,19.7751762202895,inf,inf,inf,inf,inf,7.36070979258908,16.8095688404664,19.2733906195415,11.8150169872794,13.8146715599691
66,9.67526176340858,9.85108749344606,8.73845166388447,15.8887872349869,11.0383970389315,35.3861620229715,12.6902910763232,27.1670449672086,33.3511472009031,27.1486613168516,inf,inf,inf,inf,inf,9.59997617759118,11.1932326452771,8.43906184213032,15.8098764738454,11.260536784711,9.34598433333388,12.0172900249873,13.3633884187115,12.6182158747239,11.8362196629392,13.2644369406743,18.0119092957712,23.1931442672048,12.9864494108579,16.863984978627,inf,inf,inf,inf,inf,13.3547675643923,12.1954978405493,14.3939473256686,25.4888254932392,16.3582595559624
67,8.75820675606577,-6.08569181655265,12.0864231436164,5.13022170191818,4.97228994626191,13.5022479445995,19.7584014414638,14.4675602636197,16.5916527355654,16.0799655963121,inf,inf,inf,inf,inf,10.4477586555001,-6.29508735355309,15.2292633382833,4.38229156095386,5.94105655029602,16.7482855730329,-0.838067513606633,16.797500566695,10.76649388199,10.8685531270278,29.3200776732334,14.1574195315192,24.5240636673913,27.7223542196552,23.9309787729498,inf,inf,inf,inf,inf,16.971535593252,2.777462703319,17.1665001087489,11.1347848303956,12.0125708089289
68,6.28974461554096,4.7876760539657,22.0916298432895,11.4450251475926,11.1535189150972,9.64276137637371,24.1324380512661,45.756275069562,13.5026656153447,23.2585350281366,inf,inf,inf,inf,inf,5.68739145723976,4.50484696409061,22.0980589452733,13.8050410106706,11.5238345943186,13.3545381315201,6.41391419067686,14.754928245168,8.32086057039251,10.7110602844394,14.9935109955235,20.349498387303,15.3506182490275,26.2759828318386,19.2424026159232,inf,inf,inf,inf,inf,16.832076066067,7.40671497936194,23.7799066369549,7.97270708226143,13.9978511911613
69,9.32387391474694,6.36758221563705,12.6445122498333,0.542223040772079,7.21954785524733,13.9078971667203,15.9308930267673,14.0221175874562,11.857224858391,13.9295331598337,inf,inf,inf,inf,inf,9.32649546639076,5.41912332938605,16.455117236287,-1.53415256211945,7.41664586748608,16.3300954982347,13.260546949026,16.9922713154896,6.851010630327,13.3584810982693,28.5119855179354,24.6661159151986,18.4475562511313,16.518552058577,22.0360524357106,inf,inf,inf,inf,inf,16.3334022341095,13.5435112314392,21.4908245464009,6.0647511632344,14.358122293796
70,-0.322386082304383,1.82763834662024,7.21508169681922,8.32058409622419,4.26022951433981,16.0938783595144,9.1319694674826,15.3572410884875,10.5024013497972,12.7713725663204,inf,inf,inf,inf,inf,-0.71894586101172,-0.650683769499087,6.41292808618704,10.0472327932244,3.77263281222517,7.65406407572869,7.54671715337782,13.9464582772586,12.7646549786294,10.4779736212486,21.1013758629433,11.5154279867462,21.1815307083906,15.0434718788119,17.210451609223,inf,inf,inf,inf,inf,9.69999156849022,7.61395619029623,14.159587959818,15.0731631615673,11.6366747200429
71,-2.16647258329243,4.61293753607667,6.54455762818464,8.53774931601265,4.38219297424538,13.368346066073,12.6300585512504,8.98135618069697,19.3773423471135,13.5892757862835,inf,inf,inf,inf,inf,-2.11651749537888,3.30610336407734,7.06723334187029,8.01015179104488,4.06674275040341,2.65348934359751,10.5277130940705,9.02820165705742,17.0310428710012,9.81011174143166,26.8169646350568,18.3765671659915,9.47408935784879,23.1885587882393,19.4640449867841,inf,inf,inf,inf,inf,2.76572736755115,10.1453187982189,17.4090972232984,18.8810719787641,12.3003038419581
72,7.20062585060588,5.23457191662539,4.42934268883983,11.7280503012886,7.14814768933993,8.87450702865859,8.18792728252008,9.3203581268112,13.0359248849594,9.85467933073731,inf,inf,inf,inf,inf,8.78151998391136,3.51415167580007,4.01482850638734,16.8869559841609,8.29936403756492,12.5167356613444,10.6143574135273,9.86253160825234,16.3588230998202,12.3381119457361,13.8888773510189,11.4772040726428,11.5868338231672,21.3721852423104,14.5812751222848,inf,inf,inf,inf,inf,17.5086829868601,14.349530758679,14.7893246880714,17.4557099082499,16.0258120854651
73,7.20043540562047,5.17409245241091,7.37092888577355,10.7862670810405,7.63293095621134,31.6831208683514,9.88176592194903,10.5057563266086,13.0876225159418,16.2895664082127,inf,inf,inf,inf,inf,7.04551237503388,3.69346850407922,7.18256712023121,13.3242791962947,7.81145679890975,6.70643430506203,13.4440399502965,11.5362107825771,11.1455006721766,10.708046427528,11.7478503874681,15.1911391812543,12.4809992424568,22.7483935357877,15.5420955867417,inf,inf,inf,inf,inf,13.1456903470879,16.7320830030129,16.1619899039578,10.9384931394314,14.2445640983725
74,3.71278775984722,8.63322473929449,3.22794807532821,12.3766754030748,6.98765899438617,32.5593503550528,21.5802062973728,11.5861192149544,16.5864610328022,20.5780342250456,inf,inf,inf,inf,inf,3.69803471574998,8.18350846615446,1.46078620239617,13.6491638371336,6.74787330535856,1.60697260338618,12.7770688361659,7.8027550512546,23.4652981844127,11.4130236688048,12.4755512439697,16.6368434034106,13.3794747311408,28.1972600629456,17.6722823603667,inf,inf,inf,inf,inf,7.54171810380227,17.0664288313286,7.11616007520721,25.6726459682413,14.3492382446449
75,7.73450540287075,4.15811830894745,5.49822325680042,6.83850285905667,6.05733745691883,8.86355470787864,21.355770617644,9.32677250411843,18.2373248516809,14.4458556703305,inf,inf,inf,inf,inf,14.1813799817778,3.94145827007219,5.52975336462389,6.09045555885177,7.43576179383141,11.4537942563912,9.45384039457907,7.82544478082355,11.4072241652005,10.0350758992486,13.4359817138606,12.6005187998419,8.81822116713259,21.6155618795517,14.1175708900967,inf,inf,inf,inf,inf,15.1497422255786,13.0903080752652,13.5472169494544,12.5442679569346,13.5828838018082
76,9.9914564864741,11.3858554516444,5.68168059932438,3.47820751176187,7.63430001230119,21.2715942196675,20.8646544673087,11.6969109010354,10.6307628280581,16.1159806040174,inf,inf,inf,inf,inf,9.74218482267176,11.1311586385702,5.23826458179697,2.48448190443682,7.14902248686894,13.8855549021401,15.3248499339843,10.6167331259511,8.47770074650777,12.0762096771458,16.9632794009328,17.9475029251495,13.8596791985167,12.4758310526415,15.3115731443101,inf,inf,inf,inf,inf,19.0975714702878,19.5657859509886,12.7421955576375,9.32597108230568,15.1828810153049
77,-18.0646438320425,6.77579005379707,16.2320813638274,-1.4431197348015,0.875026962695124,10.3398531956464,9.23203062894453,18.5473999273986,11.138379089565,12.3144157103886,inf,inf,inf,inf,inf,-19.6907199217217,6.81723814026087,19.0482110841412,-3.65820818649233,0.629130279046996,-6.94484057630162,9.75540295112538,22.7144869138086,10.0415106333055,8.89163998048446,16.3014969624197,12.5150894845219,34.9654009664586,15.1975181726189,19.7448763965048,inf,inf,inf,inf,inf,-7.36884122733612,10.7572544616594,22.9120526080358,10.1717809390792,9.11806169535957
78,-45.3768957774773,21.6018881039789,6.9834984618682,5.06338683494818,-2.9320305941705,-2.1670196467093,24.549374559066,21.1938770510461,12.0693271896282,13.9113897882577,inf,inf,inf,inf,inf,-39.9823913241636,24.7963454364213,6.48864065437684,3.84752430513779,-1.21247023205692,-37.6393939666019,18.2794187286077,18.2758296280625,13.3228419306805,3.05967408018721,-1.08274249622496,21.3049894661036,30.6998299404292,20.4433800636426,17.8413642434876,inf,inf,inf,inf,inf,-31.5225106940069,22.5825972948336,18.5250193451204,13.4726775001761,5.76444586153079
79,3.723406206293,6.40494869067051,8.07733395396095,-3.81743467809388,3.59706354320764,3.85894452743999,14.7566836660363,8.44497194790317,22.6417567895207,12.425589232725,inf,inf,inf,inf,inf,0.965343565751435,6.7948037054491,16.1718673609976,-4.18226616927267,4.93743711573136,11.4858255512168,10.4515675264114,8.83591173294567,1.66912014329437,8.11060623846706,-12.8160388212174,25.5674565689418,8.92997922522237,16.2671777414235,9.48714367859258,inf,inf,inf,inf,inf,0.157309538520839,10.2915049052152,20.4819341903438,3.33056947031724,8.56532952609927
80,4.48182147127659,10.6426593982552,7.32399258103954,7.20107667213425,7.41238753067639,17.0774288904422,18.0939078240799,17.4796160905675,19.6571964305373,18.0770373089067,inf,inf,inf,inf,inf,3.56934542997608,10.5457591033693,6.59372814258442,6.61189604486311,6.83018218019823,12.3670439401615,21.1156861791261,15.1137853322707,13.5331713477859,15.5324216998361,22.4871538265292,32.9188092121262,28.1293227109915,22.9909288930118,26.6315536606647,inf,inf,inf,inf,inf,13.470439801432,21.4792272783433,15.0296157348331,14.5806169035806,16.1399749295472
81,8.00475113220693,7.80250105719598,-6.18502030627134,13.0459520671641,5.66704598757391,20.465466844483,8.63445064442039,21.8545715626774,17.2466969921156,17.0502965109241,inf,inf,inf,inf,inf,8.56281056484907,12.399964926267,-6.29128087336938,18.7984528643329,8.3674868705199,9.740440465863,9.61418199638067,3.16663782366933,16.9022057429319,9.85586650721124,14.8133064594232,11.0719144125392,20.2325660431612,30.5888803050698,19.1766668050483,inf,inf,inf,inf,inf,22.0086210471075,16.0132428987495,3.84273062875128,17.0512483433491,14.7289607294894
82,-5.56099147533106,10.5537173574654,-1.63723249135607,11.1275485271909,3.62076047949232,13.0679673572159,21.4014588360402,12.735480201215,13.091702985699,15.0741523450425,inf,inf,inf,inf,inf,-6.12697068961585,10.2040701054034,-3.58693477743477,13.930907500969,3.60526803483043,3.57981661669086,10.8757595194722,5.88579603641544,17.307665683679,9.41225946406438,23.2711595882833,21.2994679111363,16.6704404320952,20.1475936803498,20.3471654029662,inf,inf,inf,inf,inf,3.75174065087828,11.9445604526426,5.02324364104002,19.6710161565239,10.0976402252712
83,5.88906812142719,9.64639061846812,5.96368913802682,5.43941875944871,6.73464165934271,9.87237773348064,10.7643903721728,8.40822326429325,11.1743787552068,10.0548425312884,inf,inf,inf,inf,inf,7.14248449289917,13.5023252150073,5.59277537955021,4.03782936418611,7.56885361291069,11.8939020421107,15.6083507941414,9.7356192605924,14.4115012221486,12.9123433297483,17.1306344256315,16.0851430710067,10.0405107096467,19.3752341353628,15.6578805854119,inf,inf,inf,inf,inf,12.9139667212383,24.103922940807,17.9569788952996,15.1547760603731,17.5324111544295
84,13.9353437436888,5.55418103728193,10.5781225525553,-4.13944431355203,6.4820507549935,15.9099844511112,16.1266738904427,22.9648264283169,25.362749155927,20.0910584814495,inf,inf,inf,inf,inf,17.5637307552786,4.56797488311176,10.2532695593177,-4.06102702605727,7.08098704291269,18.3537014716428,13.077181360598,17.5100721335314,5.19281935808833,13.5334435809651,25.3690695419054,24.4023122978352,22.0834088932256,17.0958382182242,22.2376572377976,inf,inf,inf,inf,inf,19.7298893709175,13.1269855531946,20.1023109906303,7.0461320878604,15.0013295006507
85,8.91353070633942,3.96775760744117,8.75276913834032,2.26937573832955,5.97585829761262,11.6769294569844,23.288363033988,9.59978151549221,8.18510034224613,13.1875435871777,inf,inf,inf,inf,inf,10.5523051587549,3.62401733400821,13.6284278520577,1.01523891383867,7.20499731466488,17.0150575012149,7.11074101023419,9.74365809144715,8.80040034399307,10.6674642367223,21.7284273585365,14.9944002507301,10.4772812404639,8.05873142812354,13.8147100694635,inf,inf,inf,inf,inf,18.5629603555332,9.53569751141082,15.2002737882869,5.24186706267083,12.1351996794755
86,6.75756811610551,12.7044703741981,-9.76772120415451,6.05785920301709,3.93804412229156,8.26110378939146,13.5293052710426,12.950207527523,27.9992484339275,15.6849662554712,inf,inf,inf,inf,inf,8.13745016819935,18.7931279078201,-11.8703722661059,6.04464315773328,5.27621224191171,11.2312877995977,21.1861429205223,-0.0158027553780416,9.67396714298376,10.5188987769314,11.8540899413669,23.2913867485666,13.9080457155548,12.1840805387144,15.3094007360507,inf,inf,inf,inf,inf,17.5259385657033,24.9623812299694,-1.36649476105268,13.399424947066,13.6303124954215
87,0.138489217949439,-19.9516541727684,6.41593575325127,9.03130276182621,-1.09148160993538,12.1632417643398,9.91028576006249,16.2280360876662,16.0149480508167,13.5791279157213,inf,inf,inf,inf,inf,4.36666232834553,-17.4521965711392,7.41590006118874,9.45774795755801,0.947028443988257,11.4145723761872,-13.5768116969148,12.2233865493805,15.7922439219715,6.46334778765609,21.0493580731368,12.3472449658345,24.0247453477693,26.954579642281,21.0939820072554,inf,inf,inf,inf,inf,12.584527462977,-10.4431772514565,12.1770000199761,15.7334566279145,7.51295171485278
88,7.67588979023942,-9.89136306695161,3.39100691652505,9.67366276248211,2.71229910057374,11.5438565509245,13.5162760834071,9.23306794590101,23.9216487702703,14.5537123376257,inf,inf,inf,inf,inf,8.84941005149376,-9.58717235542743,2.21560809552376,9.80838843360782,2.82155855629948,15.2544727613662,-1.06231078524331,7.48135925218944,11.6102896522883,8.32095272015016,21.1035200114953,26.120073261744,9.45566112840989,13.1281475930654,17.4518504986787,inf,inf,inf,inf,inf,16.5162631372412,-0.9236612826319,9.09067141267013,19.2417795862479,10.9812632133818
89,5.05529904544149,6.54110604272834,8.70304762212062,9.97733287729226,7.56919639689568,11.6800774380649,11.7731477341304,11.395737713154,14.9636642757695,12.4531567902797,inf,inf,inf,inf,inf,3.5197493833839,5.53918804162561,9.41594549715079,9.9927837374181,7.1169166648946,12.3117284650165,13.1875812664804,13.4254340342353,19.5193911917826,14.6110337393787,24.5102637796515,16.7436496036438,14.4777296177106,24.1109720084393,19.9606537523613,inf,inf,inf,inf,inf,12.1966955011429,14.3454182167921,18.2883468835985,20.8946310393112,16.4312729102112
90,7.12733876938377,-56.3639705942709,9.73795039424038,5.38913486045557,-8.52738664254779,10.4297738036068,-0.427666360406388,20.5909926678135,28.6942164506277,14.8218291404104,inf,inf,inf,inf,inf,7.75950131488327,-50.4703944348415,11.7053121607298,5.41656040604468,-6.39725513829593,14.2886898055329,-52.4167865726022,17.5929494846556,6.86898392654274,-3.41654083896773,16.853614996581,-0.158589818016096,31.9673878251483,13.9939575930117,15.6640926491812,inf,inf,inf,inf,inf,17.161918970071,-58.4233476260686,18.4734049089587,9.2096360642283,-3.39459692070266
91,17.4271301209669,4.84311523520836,8.96717835543538,6.21706273175063,9.36362161084033,25.824146515642,7.95819207339028,27.582247929218,12.0035575517445,18.3420360174987,inf,inf,inf,inf,inf,17.7015821132254,3.40978751452535,8.69287814927776,5.14281491932358,8.73676567408802,11.0691411487554,8.09442026782149,14.163040804557,16.0668857539285,12.3483719937656,14.6387433795802,10.1233097514826,22.2155068507465,18.4498503370848,16.3568525797235,inf,inf,inf,inf,inf,15.1244645008777,9.26520947487771,15.5203173709977,18.7363316140922,14.6615807402113
92,6.46589987590145,8.07584864965766,-15.1078612593112,8.21406350831241,1.91198769364009,11.6301236700928,29.144451694887,11.6874204466875,12.2876339843501,16.1874074490043,inf,inf,inf,inf,inf,7.86323668824686,8.20750982551376,-17.0373824175245,8.60665013646748,1.9100035581759,14.4196530169238,12.1421878960079,-8.01666645880534,10.9071299666536,7.36307610519499,19.6474071719077,15.085767680621,12.9621092713943,14.4512298651601,15.5366284972708,inf,inf,inf,inf,inf,16.914714124446,16.2425066535065,-8.9982252120325,13.5761430223003,9.43378464705507
93,-33.2247105746929,13.5950893968472,7.38322923556315,6.74297275391076,-1.37585479709294,3.85312018487331,17.4869983339279,17.2522386651151,16.0100236821997,13.650595216529,inf,inf,inf,inf,inf,-30.7188156424859,14.7914257722881,6.63167311201342,5.92034647158713,-0.84384257164932,-27.8292757311139,19.7882206542283,16.2120310999122,18.2838893472198,6.6137163425616,13.4972276486689,24.5596604315769,21.5932741802113,23.2516573499113,20.7254549025921,inf,inf,inf,inf,inf,-26.2641708531449,21.9331377241117,17.0223167866845,20.1465052895944,8.20944723681142
94,15.3433314517001,10.1611538276635,6.59517327128464,3.38256479905804,8.87055583742658,32.7793925561508,27.2439565369389,19.3561267337391,11.8988481403911,22.8195809918049,inf,inf,inf,inf,inf,15.3636072519464,9.96009336128326,5.93542168522572,2.089500989775,8.3371558220576,10.4952407089894,12.2234287886729,16.5124767089881,15.2128142425875,13.6109901123095,12.1637829749409,10.7462547895561,29.4863605514852,18.0471938764748,17.6108980481142,inf,inf,inf,inf,inf,17.6339777478892,12.9516377471448,16.494723625561,17.3790729763684,16.1148530242409
95,2.19236833459898,1.12958687148211,6.34283650752863,10.5705953389433,5.05884676313826,10.3846729225811,10.2926151862211,9.6714184616013,13.5099701433766,10.964669178445,inf,inf,inf,inf,inf,2.58970792930002,-1.16634601968569,6.1884058529863,12.7585697126117,5.09258436880308,11.1065054822024,8.76155713070209,9.76133148379489,19.1849452012827,12.2035848244955,17.1236891694724,16.9470064977914,10.5203005439041,24.7544263081844,17.3363556298381,inf,inf,inf,inf,inf,13.6142331604694,8.28199783165324,16.2344765789517,20.6989739205226,14.7074203728992
96,-1.12625216736784,5.21464875485026,12.5425761063751,4.32626757254984,5.23931006660184,8.97424632711612,15.452589034088,16.4278871762664,9.88418423009634,12.6847266918917,inf,inf,inf,inf,inf,-0.611413530423241,4.1269295519463,13.4171315744796,2.67016067110897,4.90070206677792,6.68226848812299,10.8435337145534,20.6666058127887,6.63969541486668,11.208025857583,20.1411906303667,24.9711346419415,24.292233925843,11.8127897717618,20.3043372424783,inf,inf,inf,inf,inf,6.636015781341,10.5452812290688,22.6202175332053,5.86983019933396,11.4178361857373
97,16.5453946486142,7.97840657266987,0.885606003252797,1.9491754441228,6.83964566716491,24.4539379443386,34.265522642673,14.3761034268929,27.614844538927,25.1776021382078,inf,inf,inf,inf,inf,16.8362073092034,7.9989812790989,-0.51882381896243,2.00925286549768,6.58140440870938,12.6650550911651,13.5098471289091,8.15101223407055,8.18762658283295,10.6283852592444,14.5178820347959,14.3224283950051,16.3316122513666,14.4695725427694,14.9103738059843,inf,inf,inf,inf,inf,18.6675738022283,22.41065769829,7.76564095682152,10.7882733935926,14.9080364627331
98,-14.132768421336,-0.932883009008139,6.80044905770484,15.1285657573014,1.71584084616552,7.25467804598471,8.21896069632494,8.02132182333275,21.0414168440437,11.1340943524215,inf,inf,inf,inf,inf,-14.0668823786738,-4.48247005678157,8.71407961728299,15.6936980655783,1.46460631185149,-5.88902634624496,2.75433055328193,8.3213528622361,17.5154904878167,5.67553688927244,-4.24187147195774,10.4404977824699,8.57817389858448,19.9493594063492,8.68153990386147,inf,inf,inf,inf,inf,-8.23653062321036,0.561820742283713,17.2209949333228,22.0901733702143,7.9091146056526
99,-2.27139633958195,1.9465181768313,12.0958271045733,2.92902804388979,3.6749942464281,9.92099339420785,11.6233436370611,17.9098020664919,8.36923597757436,11.9558437688338,inf,inf,inf,inf,inf,-0.649166197133814,-0.123481136074258,12.4859890345861,0.24591791226394,2.98981490341048,-2.17664824246162,7.55013973237904,18.6317198916354,9.25196663186203,8.31429450335371,14.800829877824,15.2646838967987,27.0893818563868,10.4605048713333,16.9038501255857,inf,inf,inf,inf,inf,-2.29342673148809,6.7758643486917,19.0137914744711,12.3580828198719,8.96357797788665
,,,,,,,,,,,,,,,,,,,,,,,,,,,,,,,,,,,,,,,,
,,,,,,,,,,,,,,,,,,,,,,,,,,,,,,,,,,,,,,,,
,1.78152142917074,4.44852923057285,6.78153531020107,5.96691542402618,4.74462534849271,14.3773556826551,15.2325015763982,15.8730502553938,14.4561438132237,14.9847628319177,#DIV/0!,0,#DIV/0!,#DIV/0!,#DIV/0!,2.21605783437607,4.58653552045601,7.33402442175334,6.16335345225095,5.07499280720909,6.44483132729346,9.40489666244444,11.7045935224254,10.7068264942941,9.56528700161436,16.6757589104403,17.2833829072852,18.4793377136755,17.5229831719993,17.4903656758501,#DIV/0!,0,#DIV/0!,#DIV/0!,#DIV/0!,8.59890612181605,11.2971348865859,14.4407869765781,12.4898173088008,11.7066613234452
